"San Francisco, CA Zillow Rent Index - All Homes",,,,,,,,,,,,,,,,,,,,,,,,,,,,,,,,,,,,,,,,,,,,,,,,,,,,,,,,,,,,,,,,,,,,,,,,,,,,,,,,,,,,,,,,,,,,,,,,,
Region Name,Region Type,Data Type,Nov 2010,Dec 2010,Jan 2011,Feb 2011,Mar 2011,Apr 2011,May 2011,Jun 2011,Jul 2011,Aug 2011,Sep 2011,Oct 2011,Nov 2011,Dec 2011,Jan 2012,Feb 2012,Mar 2012,Apr 2012,May 2012,Jun 2012,Jul 2012,Aug 2012,Sep 2012,Oct 2012,Nov 2012,Dec 2012,Jan 2013,Feb 2013,Mar 2013,Apr 2013,May 2013,Jun 2013,Jul 2013,Aug 2013,Sep 2013,Oct 2013,Nov 2013,Dec 2013,Jan 2014,Feb 2014,Mar 2014,Apr 2014,May 2014,Jun 2014,Jul 2014,Aug 2014,Sep 2014,Oct 2014,Nov 2014,Dec 2014,Jan 2015,Feb 2015,Mar 2015,Apr 2015,May 2015,Jun 2015,Jul 2015,Aug 2015,Sep 2015,Oct 2015,Nov 2015,Dec 2015,Jan 2016,Feb 2016,Mar 2016,Apr 2016,May 2016,Jun 2016,Jul 2016,Aug 2016,Sep 2016,Oct 2016,Nov 2016,Dec 2016,Jan 2017,Feb 2017,Mar 2017,Apr 2017,May 2017,Jun 2017,Jul 2017,Aug 2017,Sep 2017,Oct 2017,Nov 2017,Dec 2017,Jan 2018,Feb 2018,Mar 2018,Apr 2018,May 2018,Jun 2018,Jul 2018,Aug 2018,Sep 2018
San Francisco,city,All Homes,"$3,153","$3,142","$3,109","$3,032","$2,925","$2,857","$2,814","$2,791","$2,775","$2,788","$2,810","$2,847","$2,870","$2,891","$2,901","$2,902","$2,902","$2,909","$2,938","$2,980","$3,027","$3,058","$3,058","$3,030","$2,989","$2,961","$2,965","$2,989","$3,038","$3,101","$3,171","$3,229","$3,270","$3,302","$3,321","$3,333","$3,344","$3,360","$3,388","$3,423","$3,457","$3,497","$3,554","$3,618","$3,669","$3,712","$3,761","$3,823","$3,886","$3,952","$3,997","$4,030","$4,052","$4,078","$4,106","$4,133","$4,190","$4,261","$4,336","$4,388","$4,407","$4,411","$4,413","$4,409","$4,401","$4,391","$4,400","$4,421","$4,436","$4,441","$4,437","$4,418","$4,382","$4,333","$4,278","$4,234","$4,200","$4,184","$4,182","$4,197","$4,225","$4,254","$4,274","$4,280","$4,267","$4,238","$4,204","$4,178","$4,161","$4,149","$4,137","$4,131","$4,129","$4,130","$4,131"
Bayview,neighborhood,All Homes,"$3,183","$3,179","$3,078","$2,917","$2,706","$2,571","$2,480","$2,450","$2,437","$2,445","$2,445","$2,436","$2,401","$2,357","$2,344","$2,354","$2,378","$2,409","$2,438","$2,452","$2,440","$2,416","$2,389","$2,382","$2,393","$2,426","$2,454","$2,483","$2,502","$2,514","$2,505","$2,497","$2,503","$2,532","$2,562","$2,598","$2,626","$2,657","$2,677","$2,709","$2,747","$2,791","$2,832","$2,868","$2,922","$3,004","$3,097","$3,179","$3,237","$3,275","$3,315","$3,353","$3,393","$3,426","$3,445","$3,463","$3,512","$3,613","$3,737","$3,840","$3,887","$3,886","$3,828","$3,792","$3,751","$3,758","$3,755","$3,772","$3,785","$3,804","$3,830","$3,862","$3,875","$3,869","$3,835","$3,812","$3,804","$3,802","$3,807","$3,821","$3,850","$3,863","$3,851","$3,820","$3,769","$3,713","$3,663","$3,624","$3,602","$3,579","$3,558","$3,535","$3,519","$3,508","$3,502"
Bernal Heights,neighborhood,All Homes,"$3,155","$3,146","$3,110","$3,013","$2,882","$2,798","$2,763","$2,767","$2,780","$2,815","$2,846","$2,886","$2,899","$2,912","$2,914","$2,921","$2,935","$2,951","$2,994","$3,037","$3,075","$3,084","$3,043","$2,986","$2,906","$2,893","$2,913","$2,978","$3,054","$3,138","$3,204","$3,250","$3,295","$3,350","$3,402","$3,436","$3,451","$3,453","$3,446","$3,435","$3,389","$3,358","$3,394","$3,494","$3,611","$3,715","$3,813","$3,924","$4,007","$4,068","$4,124","$4,195","$4,302","$4,397","$4,476","$4,523","$4,562","$4,606","$4,651","$4,700","$4,723","$4,718","$4,693","$4,646","$4,607","$4,572","$4,562","$4,556","$4,542","$4,526","$4,525","$4,533","$4,537","$4,534","$4,518","$4,504","$4,480","$4,463","$4,448","$4,447","$4,454","$4,463","$4,480","$4,494","$4,500","$4,490","$4,470","$4,457","$4,448","$4,444","$4,440","$4,443","$4,451","$4,459","$4,465"
Buena Vista,neighborhood,All Homes,"$3,551","$3,604","$3,636","$3,601","$3,514","$3,413","$3,362","$3,371","$3,428","$3,514","$3,593","$3,634","$3,657","$3,684","$3,727","$3,739","$3,744","$3,750","$3,769","$3,799","$3,832","$3,874","$3,888","$3,872","$3,849","$3,835","$3,860","$3,907","$3,980","$4,042","$4,085","$4,116","$4,161","$4,209","$4,231","$4,231","$4,246","$4,296","$4,343","$4,379","$4,374","$4,392","$4,405","$4,421","$4,435","$4,477","$4,544","$4,649","$4,719","$4,751","$4,748","$4,746","$4,807","$4,863","$4,943","$5,045","$5,166","$5,297","$5,406","$5,494","$5,554","$5,577","$5,598","$5,583","$5,558","$5,517","$5,494","$5,472","$5,453","$5,434","$5,439","$5,429","$5,394","$5,319","$5,252","$5,181","$5,122","$5,060","$5,045","$5,048","$5,094","$5,161","$5,231","$5,267","$5,249","$5,207","$5,155","$5,139","$5,158","$5,187","$5,203","$5,201","$5,198","$5,203","$5,212"
Corona Heights,neighborhood,All Homes,"$3,504","$3,544","$3,551","$3,500","$3,406","$3,316","$3,261","$3,265","$3,307","$3,386","$3,456","$3,502","$3,532","$3,569","$3,600","$3,605","$3,612","$3,630","$3,666","$3,702","$3,732","$3,758","$3,762","$3,748","$3,734","$3,720","$3,752","$3,806","$3,891","$3,945","$3,986","$4,011","$4,065","$4,110","$4,144","$4,151","$4,179","$4,223","$4,255","$4,263","$4,236","$4,234","$4,255","$4,295","$4,344","$4,393","$4,471","$4,579","$4,686","$4,757","$4,784","$4,776","$4,810","$4,869","$4,971","$5,087","$5,204","$5,325","$5,415","$5,488","$5,528","$5,524","$5,519","$5,447","$5,394","$5,325","$5,314","$5,310","$5,314","$5,331","$5,347","$5,332","$5,272","$5,167","$5,076","$4,997","$4,939","$4,890","$4,864","$4,866","$4,905","$4,975","$5,058","$5,095","$5,102","$5,082","$5,070","$5,057","$5,060","$5,069","$5,082","$5,086","$5,087","$5,087","$5,083"
Cow Hollow,neighborhood,All Homes,"$4,243","$4,401","$4,438","$4,412","$4,324","$4,319","$4,370","$4,442","$4,495","$4,501","$4,472","$4,401","$4,350","$4,332","$4,342","$4,374","$4,387","$4,359","$4,326","$4,323","$4,395","$4,468","$4,504","$4,458","$4,441","$4,439","$4,522","$4,541","$4,553","$4,522","$4,506","$4,518","$4,609","$4,736","$4,843","$4,931","$5,035","$5,139","$5,175","$5,156","$5,090","$5,035","$5,011","$5,002","$5,051","$5,132","$5,266","$5,386","$5,446","$5,506","$5,571","$5,661","$5,799","$5,962","$6,176","$6,373","$6,558","$6,678","$6,744","$6,778","$6,821","$6,826","$6,797","$6,733","$6,681","$6,627","$6,570","$6,529","$6,483","$6,439","$6,424","$6,424","$6,450","$6,400","$6,319","$6,202","$6,097","$5,984","$5,883","$5,826","$5,836","$5,874","$5,917","$5,960","$6,004","$6,050","$6,061","$6,052","$6,034","$6,009","$5,979","$5,964","$5,972","$6,013","$6,065"
Crocker Amazon,neighborhood,All Homes,"$2,996","$3,036","$2,978","$2,857","$2,694","$2,612","$2,562","$2,525","$2,494","$2,475","$2,465","$2,474","$2,486","$2,511","$2,506","$2,498","$2,478","$2,495","$2,500","$2,499","$2,475","$2,456","$2,448","$2,458","$2,492","$2,546","$2,598","$2,628","$2,642","$2,659","$2,693","$2,723","$2,742","$2,756","$2,780","$2,806","$2,827","$2,846","$2,851","$2,863","$2,860","$2,868","$2,879","$2,900","$2,936","$2,999","$3,094","$3,188","$3,254","$3,273","$3,287","$3,297","$3,338","$3,394","$3,472","$3,528","$3,591","$3,667","$3,758","$3,838","$3,894","$3,935","$3,957","$3,957","$3,931","$3,907","$3,897","$3,913","$3,923","$3,917","$3,895","$3,858","$3,824","$3,796","$3,769","$3,742","$3,710","$3,681","$3,663","$3,682","$3,735","$3,801","$3,841","$3,849","$3,827","$3,798","$3,777","$3,759","$3,759","$3,758","$3,763","$3,756","$3,754","$3,751","$3,747"
Diamond Heights,neighborhood,All Homes,"$3,039","$3,075","$3,070","$3,054","$3,024","$2,995","$2,968","$2,955","$2,957","$2,990","$3,034","$3,072","$3,091","$3,075","$3,048","$3,015","$3,023","$3,048","$3,105","$3,168","$3,210","$3,221","$3,175","$3,124","$3,040","$3,010","$3,027","$3,114","$3,216","$3,303","$3,388","$3,456","$3,503","$3,528","$3,521","$3,554","$3,592","$3,625","$3,620","$3,595","$3,565","$3,580","$3,638","$3,721","$3,779","$3,847","$3,920","$4,015","$4,078","$4,138","$4,166","$4,199","$4,269","$4,362","$4,433","$4,467","$4,481","$4,497","$4,503","$4,509","$4,523","$4,532","$4,551","$4,604","$4,635","$4,634","$4,585","$4,559","$4,538","$4,519","$4,505","$4,517","$4,526","$4,510","$4,454","$4,391","$4,340","$4,321","$4,339","$4,374","$4,390","$4,381","$4,354","$4,351","$4,358","$4,361","$4,343","$4,328","$4,314","$4,288","$4,253","$4,228","$4,216","$4,211","$4,212"
Downtown,neighborhood,All Homes,"$2,706","$2,712","$2,665","$2,608","$2,566","$2,562","$2,567","$2,560","$2,573","$2,568","$2,548","$2,523","$2,540","$2,587","$2,635","$2,639","$2,618","$2,627","$2,667","$2,720","$2,746","$2,757","$2,763","$2,752","$2,733","$2,756","$2,833","$2,932","$2,998","$3,046","$3,048","$3,084","$3,104","$3,155","$3,168","$3,201","$3,243","$3,282","$3,319","$3,352","$3,397","$3,449","$3,490","$3,508","$3,522","$3,541","$3,571","$3,559","$3,554","$3,574","$3,619","$3,662","$3,691","$3,713","$3,739","$3,771","$3,821","$3,880","$3,936","$3,985","$4,030","$4,041","$4,090","$4,125","$4,204","$4,228","$4,243","$4,189","$4,086","$3,955","$3,852","$3,773","$3,722","$3,680","$3,664","$3,645","$3,625","$3,599","$3,575","$3,572","$3,587","$3,636","$3,701","$3,739","$3,728","$3,676","$3,626","$3,591","$3,580","$3,586","$3,600","$3,609","$3,612","$3,609","$3,604"
Excelsior,neighborhood,All Homes,"$3,008","$3,056","$2,990","$2,843","$2,662","$2,581","$2,549","$2,538","$2,531","$2,525","$2,509","$2,506","$2,508","$2,535","$2,542","$2,544","$2,511","$2,500","$2,495","$2,505","$2,495","$2,475","$2,458","$2,454","$2,466","$2,494","$2,533","$2,559","$2,581","$2,600","$2,619","$2,645","$2,668","$2,710","$2,751","$2,784","$2,802","$2,821","$2,819","$2,845","$2,860","$2,891","$2,913","$2,937","$2,989","$3,069","$3,167","$3,248","$3,292","$3,299","$3,313","$3,344","$3,397","$3,452","$3,496","$3,517","$3,560","$3,645","$3,772","$3,896","$3,982","$4,025","$4,030","$4,019","$3,992","$3,966","$3,932","$3,909","$3,892","$3,885","$3,890","$3,885","$3,867","$3,835","$3,805","$3,793","$3,786","$3,755","$3,706","$3,686","$3,719","$3,780","$3,819","$3,822","$3,798","$3,761","$3,712","$3,670","$3,671","$3,708","$3,758","$3,781","$3,790","$3,784","$3,775"
Financial District,neighborhood,All Homes,"$4,154","$4,152","$4,158","$4,184","$4,226","$4,229","$4,225","$4,275","$4,346","$4,385","$4,330","$4,233","$4,123","$4,035","$3,908","$3,880","$3,931","$4,041","$4,061","$4,086","$4,224","$4,375","$4,410","$4,299","$4,193","$4,178","$4,253","$4,343","$4,428","$4,452","$4,454","$4,465","$4,569","$4,780","$4,997","$5,180","$5,229","$5,186","$5,083","$4,986","$4,904","$4,862","$4,870","$4,871","$4,873","$4,871","$4,972","$5,052","$5,166","$5,241","$5,423","$5,618","$5,849","$6,061","$6,280","$6,480","$6,618","$6,666","$6,654","$6,645","$6,641","$6,640","$6,592","$6,486","$6,344","$6,193","$6,093","$6,042","$6,003","$5,979","$5,950","$5,933","$5,923","$5,910","$5,912","$5,912","$5,884","$5,800","$5,691","$5,608","$5,583","$5,592","$5,635","$5,697","$5,765","$5,791","$5,766","$5,728","$5,708","$5,692","$5,678","$5,662","$5,677","$5,707","$5,736"
Forest Hill,neighborhood,All Homes,"$4,306","$4,360","$4,401","$4,326","$4,206","$4,028","$3,885","$3,821","$3,845","$3,897","$3,921","$3,958","$3,999","$4,025","$3,974","$3,923","$3,910","$3,900","$3,900","$3,901","$3,940","$3,952","$3,871","$3,756","$3,697","$3,727","$3,848","$3,944","$4,053","$4,119","$4,202","$4,264","$4,368","$4,481","$4,665","$4,750","$4,768","$4,675","$4,606","$4,524","$4,403","$4,297","$4,225","$4,237","$4,372","$4,573","$4,828","$5,021","$5,148","$5,195","$5,111","$5,053","$5,038","$5,166","$5,377","$5,591","$5,780","$5,911","$6,031","$6,156","$6,255","$6,297","$6,292","$6,223","$6,141","$6,028","$5,945","$5,892","$5,865","$5,893","$5,939","$6,017","$6,007","$5,940","$5,814","$5,737","$5,692","$5,667","$5,627","$5,606","$5,644","$5,724","$5,825","$5,870","$5,849","$5,739","$5,608","$5,489","$5,434","$5,408","$5,412","$5,418","$5,427","$5,455","$5,505"
Forest Knolls,neighborhood,All Homes,"$3,363","$3,445","$3,415","$3,325","$3,163","$3,075","$3,051","$3,044","$3,062","$3,085","$3,126","$3,164","$3,221","$3,246","$3,267","$3,273","$3,260","$3,244","$3,270","$3,378","$3,510","$3,577","$3,550","$3,432","$3,244","$3,079","$3,016","$3,084","$3,192","$3,247","$3,264","$3,288","$3,365","$3,466","$3,536","$3,558","$3,554","$3,595","$3,675","$3,743","$3,764","$3,771","$3,790","$3,827","$3,875","$3,969","$4,111","$4,314","$4,495","$4,600","$4,598","$4,581","$4,620","$4,732","$4,891","$5,084","$5,260","$5,410","$5,525","$5,623","$5,635","$5,538","$5,392","$5,227","$5,136","$5,087","$5,098","$5,130","$5,146","$5,146","$5,104","$5,047","$4,948","$4,831","$4,722","$4,677","$4,660","$4,636","$4,594","$4,559","$4,554","$4,556","$4,576","$4,603","$4,623","$4,625","$4,630","$4,663","$4,720","$4,768","$4,803","$4,820","$4,827","$4,829","$4,830"
Glen Park,neighborhood,All Homes,"$3,530","$3,572","$3,546","$3,455","$3,336","$3,241","$3,183","$3,169","$3,183","$3,221","$3,279","$3,329","$3,361","$3,358","$3,329","$3,269","$3,221","$3,196","$3,214","$3,250","$3,274","$3,303","$3,269","$3,205","$3,105","$3,057","$3,062","$3,123","$3,209","$3,284","$3,327","$3,345","$3,397","$3,471","$3,541","$3,569","$3,564","$3,568","$3,567","$3,592","$3,593","$3,621","$3,670","$3,744","$3,813","$3,892","$3,999","$4,157","$4,264","$4,341","$4,344","$4,365","$4,441","$4,577","$4,727","$4,865","$4,999","$5,148","$5,272","$5,375","$5,434","$5,417","$5,377","$5,242","$5,152","$5,077","$5,100","$5,144","$5,180","$5,204","$5,203","$5,173","$5,099","$4,998","$4,891","$4,808","$4,727","$4,660","$4,610","$4,585","$4,594","$4,646","$4,727","$4,771","$4,761","$4,716","$4,681","$4,687","$4,715","$4,754","$4,780","$4,793","$4,800","$4,797","$4,787"
Golden Gate Heights,neighborhood,All Homes,"$3,928","$4,048","$4,059","$3,931","$3,710","$3,519","$3,363","$3,245","$3,189","$3,164","$3,196","$3,237","$3,290","$3,302","$3,299","$3,300","$3,297","$3,275","$3,242","$3,276","$3,361","$3,439","$3,445","$3,357","$3,239","$3,143","$3,135","$3,187","$3,265","$3,327","$3,374","$3,409","$3,469","$3,526","$3,595","$3,601","$3,612","$3,632","$3,700","$3,748","$3,771","$3,775","$3,789","$3,818","$3,870","$3,974","$4,110","$4,253","$4,347","$4,375","$4,329","$4,281","$4,275","$4,344","$4,469","$4,597","$4,742","$4,887","$5,068","$5,219","$5,319","$5,339","$5,360","$5,353","$5,304","$5,217","$5,130","$5,115","$5,124","$5,147","$5,159","$5,139","$5,090","$5,015","$4,959","$4,927","$4,904","$4,871","$4,846","$4,838","$4,849","$4,847","$4,831","$4,820","$4,797","$4,765","$4,724","$4,714","$4,735","$4,752","$4,764","$4,764","$4,760","$4,761","$4,768"
Haight,neighborhood,All Homes,"$3,559","$3,602","$3,592","$3,516","$3,405","$3,315","$3,258","$3,244","$3,275","$3,330","$3,393","$3,426","$3,457","$3,494","$3,534","$3,556","$3,560","$3,560","$3,575","$3,600","$3,640","$3,669","$3,695","$3,696","$3,699","$3,686","$3,697","$3,700","$3,745","$3,771","$3,793","$3,788","$3,835","$3,891","$3,941","$3,967","$3,999","$4,058","$4,098","$4,156","$4,170","$4,208","$4,221","$4,245","$4,253","$4,293","$4,356","$4,468","$4,551","$4,601","$4,599","$4,599","$4,620","$4,650","$4,703","$4,777","$4,903","$5,049","$5,196","$5,291","$5,347","$5,342","$5,314","$5,293","$5,269","$5,228","$5,148","$5,102","$5,077","$5,070","$5,056","$5,025","$4,979","$4,901","$4,818","$4,744","$4,707","$4,680","$4,685","$4,709","$4,763","$4,813","$4,867","$4,902","$4,912","$4,891","$4,865","$4,862","$4,876","$4,892","$4,898","$4,897","$4,895","$4,893","$4,893"
Hayes Valley,neighborhood,All Homes,"$3,094","$3,080","$3,089","$3,089","$3,065","$3,038","$3,021","$3,028","$3,038","$3,103","$3,184","$3,282","$3,340","$3,382","$3,418","$3,438","$3,468","$3,508","$3,569","$3,612","$3,639","$3,641","$3,633","$3,615","$3,582","$3,572","$3,591","$3,652","$3,712","$3,764","$3,793","$3,806","$3,811","$3,823","$3,831","$3,849","$3,899","$3,991","$4,069","$4,097","$4,080","$4,063","$4,077","$4,100","$4,135","$4,182","$4,238","$4,318","$4,395","$4,480","$4,540","$4,568","$4,587","$4,607","$4,665","$4,734","$4,809","$4,873","$4,918","$4,955","$4,967","$4,962","$4,938","$4,911","$4,879","$4,823","$4,769","$4,740","$4,741","$4,742","$4,729","$4,721","$4,713","$4,691","$4,643","$4,585","$4,546","$4,534","$4,547","$4,565","$4,580","$4,582","$4,597","$4,623","$4,665","$4,700","$4,726","$4,745","$4,769","$4,797","$4,823","$4,835","$4,836","$4,828","$4,820"
Ingleside,neighborhood,All Homes,"$2,935","$2,950","$2,893","$2,771","$2,610","$2,532","$2,510","$2,501","$2,499","$2,493","$2,487","$2,496","$2,503","$2,520","$2,511","$2,498","$2,472","$2,480","$2,504","$2,526","$2,526","$2,502","$2,482","$2,474","$2,503","$2,529","$2,540","$2,539","$2,536","$2,553","$2,571","$2,628","$2,682","$2,748","$2,793","$2,850","$2,875","$2,891","$2,897","$2,910","$2,909","$2,888","$2,901","$2,943","$3,032","$3,131","$3,237","$3,318","$3,354","$3,347","$3,326","$3,336","$3,382","$3,447","$3,514","$3,580","$3,677","$3,788","$3,902","$3,985","$4,032","$4,052","$4,049","$4,035","$4,014","$3,991","$3,970","$3,957","$3,949","$3,945","$3,938","$3,918","$3,868","$3,792","$3,704","$3,632","$3,589","$3,569","$3,573","$3,618","$3,696","$3,789","$3,848","$3,867","$3,848","$3,806","$3,755","$3,706","$3,696","$3,706","$3,723","$3,717","$3,709","$3,704","$3,704"
Ingleside Heights,neighborhood,All Homes,"$2,823","$2,887","$2,852","$2,732","$2,532","$2,408","$2,357","$2,348","$2,361","$2,356","$2,341","$2,346","$2,352","$2,359","$2,363","$2,379","$2,410","$2,437","$2,468","$2,485","$2,480","$2,451","$2,424","$2,428","$2,456","$2,500","$2,510","$2,516","$2,480","$2,447","$2,424","$2,443","$2,503","$2,572","$2,657","$2,724","$2,767","$2,787","$2,808","$2,805","$2,780","$2,726","$2,694","$2,711","$2,812","$2,980","$3,150","$3,274","$3,329","$3,308","$3,279","$3,262","$3,291","$3,329","$3,371","$3,414","$3,465","$3,545","$3,652","$3,757","$3,825","$3,851","$3,839","$3,811","$3,760","$3,710","$3,666","$3,649","$3,645","$3,641","$3,644","$3,646","$3,626","$3,580","$3,517","$3,464","$3,435","$3,429","$3,436","$3,452","$3,485","$3,540","$3,602","$3,646","$3,666","$3,646","$3,604","$3,553","$3,528","$3,521","$3,522","$3,513","$3,505","$3,500","$3,499"
Ingleside Terrace,neighborhood,All Homes,"$3,909","$4,012","$4,021","$3,913","$3,735","$3,578","$3,452","$3,349","$3,315","$3,322","$3,365","$3,368","$3,336","$3,253","$3,171","$3,101","$3,088","$3,102","$3,174","$3,277","$3,390","$3,483","$3,477","$3,438","$3,383","$3,381","$3,432","$3,429","$3,378","$3,315","$3,303","$3,313","$3,339","$3,382","$3,450","$3,477","$3,503","$3,584","$3,667","$3,726","$3,735","$3,755","$3,800","$3,856","$3,923","$4,007","$4,172","$4,406","$4,613","$4,754","$4,711","$4,691","$4,618","$4,686","$4,728","$4,804","$4,912","$5,061","$5,240","$5,377","$5,447","$5,469","$5,485","$5,511","$5,494","$5,424","$5,372","$5,369","$5,392","$5,397","$5,375","$5,309","$5,239","$5,166","$5,098","$5,022","$4,962","$4,952","$4,955","$4,990","$5,031","$5,098","$5,179","$5,235","$5,249","$5,176","$5,075","$4,970","$4,921","$4,913","$4,946","$4,984","$5,038","$5,095","$5,151"
Inner Richmond,neighborhood,All Homes,"$3,910","$4,014","$4,016","$3,904","$3,702","$3,534","$3,393","$3,311","$3,296","$3,333","$3,383","$3,405","$3,424","$3,439","$3,483","$3,517","$3,558","$3,540","$3,490","$3,460","$3,497","$3,593","$3,652","$3,670","$3,681","$3,663","$3,673","$3,622","$3,580","$3,519","$3,510","$3,618","$3,781","$3,960","$4,100","$4,184","$4,245","$4,286","$4,316","$4,332","$4,264","$4,206","$4,214","$4,311","$4,446","$4,573","$4,696","$4,827","$4,926","$4,975","$4,962","$4,930","$4,914","$4,968","$5,086","$5,238","$5,384","$5,532","$5,696","$5,839","$5,917","$5,937","$5,919","$5,848","$5,757","$5,655","$5,578","$5,530","$5,500","$5,493","$5,492","$5,491","$5,476","$5,413","$5,330","$5,255","$5,218","$5,200","$5,195","$5,206","$5,235","$5,278","$5,328","$5,375","$5,392","$5,353","$5,275","$5,182","$5,145","$5,137","$5,146","$5,132","$5,123","$5,139","$5,188"
Inner Sunset,neighborhood,All Homes,"$3,733","$3,758","$3,710","$3,598","$3,429","$3,287","$3,184","$3,108","$3,063","$3,046","$3,062","$3,087","$3,113","$3,122","$3,135","$3,138","$3,133","$3,112","$3,091","$3,125","$3,202","$3,305","$3,351","$3,322","$3,237","$3,163","$3,155","$3,165","$3,179","$3,183","$3,221","$3,270","$3,324","$3,364","$3,410","$3,433","$3,455","$3,485","$3,553","$3,628","$3,695","$3,741","$3,798","$3,850","$3,894","$3,948","$4,008","$4,108","$4,209","$4,294","$4,319","$4,317","$4,320","$4,350","$4,397","$4,447","$4,531","$4,641","$4,781","$4,888","$4,940","$4,947","$4,959","$4,953","$4,930","$4,893","$4,874","$4,889","$4,911","$4,927","$4,914","$4,863","$4,792","$4,706","$4,625","$4,573","$4,547","$4,535","$4,520","$4,516","$4,528","$4,545","$4,573","$4,601","$4,616","$4,601","$4,586","$4,586","$4,603","$4,609","$4,601","$4,587","$4,574","$4,569","$4,570"
Lake,neighborhood,All Homes,"$4,770","$4,826","$4,819","$4,721","$4,558","$4,403","$4,359","$4,406","$4,449","$4,429","$4,330","$4,248","$4,191","$4,207","$4,243","$4,304","$4,308","$4,253","$4,156","$4,104","$4,117","$4,173","$4,173","$4,149","$4,147","$4,144","$4,171","$4,151","$4,175","$4,158","$4,241","$4,369","$4,599","$4,805","$5,012","$5,142","$5,156","$5,105","$5,021","$4,990","$4,920","$4,917","$4,926","$5,010","$5,237","$5,523","$5,828","$6,001","$6,100","$6,172","$6,167","$6,163","$6,099","$6,068","$6,121","$6,272","$6,486","$6,651","$6,791","$6,870","$6,927","$6,939","$6,926","$6,942","$6,848","$6,730","$6,569","$6,539","$6,565","$6,608","$6,658","$6,702","$6,763","$6,786","$6,774","$6,690","$6,607","$6,541","$6,532","$6,574","$6,648","$6,726","$6,802","$6,888","$6,939","$6,934","$6,883","$6,843","$6,860","$6,914","$6,958","$6,942","$6,859","$6,768","$6,686"
Lakeshore,neighborhood,All Homes,"$3,613","$3,692","$3,654","$3,517","$3,318","$3,153","$3,035","$2,966","$2,919","$2,887","$2,842","$2,812","$2,774","$2,778","$2,786","$2,791","$2,775","$2,800","$2,849","$2,943","$2,987","$3,024","$3,006","$2,989","$2,961","$2,911","$2,898","$2,896","$2,948","$3,013","$3,095","$3,152","$3,179","$3,192","$3,206","$3,212","$3,197","$3,193","$3,212","$3,275","$3,351","$3,441","$3,521","$3,580","$3,595","$3,611","$3,649","$3,720","$3,811","$3,912","$3,978","$4,000","$3,985","$3,974","$3,989","$4,019","$4,103","$4,188","$4,266","$4,315","$4,348","$4,386","$4,423","$4,451","$4,474","$4,507","$4,545","$4,578","$4,600","$4,617","$4,629","$4,610","$4,569","$4,496","$4,374","$4,247","$4,156","$4,154","$4,206","$4,279","$4,338","$4,383","$4,414","$4,431","$4,439","$4,433","$4,426","$4,426","$4,433","$4,444","$4,450","$4,457","$4,459","$4,455","$4,446"
Laurel Heights,neighborhood,All Homes,"$4,613","$4,707","$4,735","$4,640","$4,471","$4,286","$4,238","$4,309","$4,430","$4,466","$4,407","$4,348","$4,351","$4,415","$4,484","$4,533","$4,526","$4,462","$4,402","$4,378","$4,419","$4,453","$4,409","$4,338","$4,283","$4,308","$4,362","$4,390","$4,420","$4,453","$4,583","$4,752","$4,951","$5,098","$5,238","$5,361","$5,403","$5,355","$5,238","$5,175","$5,082","$5,076","$5,082","$5,172","$5,344","$5,561","$5,801","$5,939","$5,984","$6,010","$5,980","$6,019","$6,131","$6,313","$6,533","$6,738","$7,040","$7,331","$7,613","$7,788","$7,900","$7,872","$7,738","$7,521","$7,290","$7,114","$7,018","$7,019","$7,020","$7,029","$7,110","$7,162","$7,169","$7,040","$6,933","$6,810","$6,757","$6,758","$6,813","$6,855","$6,882","$6,921","$7,025","$7,120","$7,149","$7,083","$6,965","$6,859","$6,773","$6,718","$6,665","$6,618","$6,573","$6,574","$6,584"
Little Hollywood,neighborhood,All Homes,"$3,018","$3,067","$3,004","$2,868","$2,685","$2,575","$2,500","$2,446","$2,403","$2,385","$2,386","$2,391","$2,369","$2,332","$2,296","$2,300","$2,327","$2,391","$2,440","$2,469","$2,466","$2,449","$2,436","$2,441","$2,460","$2,503","$2,537","$2,581","$2,598","$2,622","$2,628","$2,623","$2,618","$2,621","$2,620","$2,637","$2,648","$2,698","$2,710","$2,741","$2,783","$2,834","$2,865","$2,873","$2,899","$2,973","$3,066","$3,158","$3,203","$3,225","$3,244","$3,256","$3,271","$3,311","$3,372","$3,424","$3,462","$3,518","$3,597","$3,679","$3,733","$3,772","$3,758","$3,738","$3,685","$3,681","$3,682","$3,694","$3,688","$3,681","$3,700","$3,734","$3,764","$3,782","$3,754","$3,710","$3,653","$3,616","$3,590","$3,593","$3,619","$3,652","$3,661","$3,645","$3,625","$3,618","$3,613","$3,590","$3,566","$3,543","$3,529","$3,509","$3,498","$3,494","$3,491"
Lone Mountain,neighborhood,All Homes,"$3,603","$3,681","$3,681","$3,597","$3,446","$3,307","$3,211","$3,175","$3,179","$3,224","$3,281","$3,344","$3,400","$3,439","$3,469","$3,484","$3,491","$3,480","$3,493","$3,520","$3,579","$3,628","$3,648","$3,622","$3,599","$3,568","$3,597","$3,601","$3,629","$3,640","$3,655","$3,711","$3,783","$3,885","$3,987","$4,049","$4,094","$4,131","$4,148","$4,183","$4,142","$4,134","$4,113","$4,134","$4,163","$4,210","$4,280","$4,384","$4,474","$4,533","$4,567","$4,590","$4,644","$4,690","$4,756","$4,818","$4,907","$5,021","$5,151","$5,276","$5,378","$5,438","$5,456","$5,403","$5,334","$5,258","$5,216","$5,207","$5,218","$5,239","$5,253","$5,243","$5,209","$5,141","$5,077","$5,024","$4,999","$4,983","$4,988","$5,018","$5,069","$5,126","$5,170","$5,193","$5,164","$5,093","$5,010","$4,967","$4,958","$4,956","$4,948","$4,938","$4,929","$4,930","$4,938"
Lower Pacific Heights,neighborhood,All Homes,"$2,936","$2,928","$2,948","$2,951","$2,946","$2,931","$2,922","$2,909","$2,898","$2,936","$3,018","$3,105","$3,163","$3,190","$3,228","$3,240","$3,263","$3,276","$3,282","$3,296","$3,331","$3,387","$3,397","$3,377","$3,341","$3,343","$3,379","$3,442","$3,514","$3,560","$3,593","$3,620","$3,659","$3,713","$3,757","$3,794","$3,838","$3,907","$3,969","$4,000","$3,986","$3,974","$3,977","$3,992","$3,993","$4,004","$4,026","$4,110","$4,252","$4,394","$4,487","$4,488","$4,484","$4,511","$4,580","$4,670","$4,746","$4,817","$4,861","$4,886","$4,852","$4,763","$4,658","$4,585","$4,555","$4,530","$4,513","$4,504","$4,498","$4,495","$4,496","$4,486","$4,469","$4,440","$4,419","$4,403","$4,395","$4,395","$4,409","$4,426","$4,439","$4,442","$4,442","$4,437","$4,418","$4,393","$4,380","$4,378","$4,380","$4,369","$4,356","$4,342","$4,335","$4,334","$4,340"
Marina,neighborhood,All Homes,"$4,117","$4,254","$4,276","$4,242","$4,144","$4,106","$4,143","$4,233","$4,316","$4,360","$4,357","$4,306","$4,272","$4,280","$4,350","$4,402","$4,388","$4,298","$4,218","$4,200","$4,274","$4,352","$4,414","$4,376","$4,367","$4,401","$4,551","$4,646","$4,671","$4,624","$4,574","$4,598","$4,728","$4,940","$5,115","$5,211","$5,274","$5,308","$5,311","$5,289","$5,232","$5,167","$5,106","$5,063","$5,146","$5,285","$5,470","$5,584","$5,621","$5,652","$5,718","$5,843","$6,010","$6,143","$6,280","$6,429","$6,611","$6,769","$6,895","$6,978","$7,027","$6,957","$6,842","$6,718","$6,654","$6,618","$6,592","$6,588","$6,583","$6,561","$6,543","$6,534","$6,558","$6,548","$6,519","$6,453","$6,383","$6,307","$6,243","$6,221","$6,228","$6,263","$6,305","$6,350","$6,415","$6,483","$6,536","$6,551","$6,553","$6,532","$6,501","$6,465","$6,458","$6,475","$6,513"
Midtown Terrace,neighborhood,All Homes,"$3,139","$3,121","$3,101","$3,045","$2,964","$2,906","$2,873","$2,860","$2,867","$2,904","$2,946","$3,001","$3,061","$3,099","$3,121","$3,125","$3,128","$3,108","$3,091","$3,106","$3,158","$3,215","$3,242","$3,210","$3,126","$3,039","$2,966","$2,964","$3,015","$3,122","$3,230","$3,319","$3,417","$3,496","$3,558","$3,563","$3,538","$3,494","$3,477","$3,483","$3,511","$3,562","$3,641","$3,716","$3,764","$3,816","$3,877","$3,946","$3,985","$4,027","$4,071","$4,138","$4,222","$4,314","$4,384","$4,413","$4,432","$4,458","$4,501","$4,535","$4,538","$4,522","$4,508","$4,493","$4,482","$4,459","$4,479","$4,510","$4,539","$4,526","$4,507","$4,490","$4,462","$4,420","$4,356","$4,292","$4,221","$4,168","$4,150","$4,174","$4,219","$4,252","$4,251","$4,225","$4,180","$4,140","$4,127","$4,149","$4,184","$4,203","$4,203","$4,201","$4,203","$4,210","$4,221"
Miraloma Park,neighborhood,All Homes,"$3,483","$3,460","$3,367","$3,252","$3,132","$3,039","$2,978","$2,960","$2,979","$3,026","$3,084","$3,128","$3,154","$3,155","$3,138","$3,103","$3,068","$3,031","$3,032","$3,070","$3,124","$3,168","$3,141","$3,085","$3,020","$2,994","$2,997","$3,001","$3,030","$3,093","$3,170","$3,230","$3,278","$3,333","$3,380","$3,402","$3,395","$3,391","$3,403","$3,445","$3,501","$3,572","$3,659","$3,729","$3,746","$3,751","$3,781","$3,860","$3,927","$3,994","$4,037","$4,075","$4,134","$4,190","$4,255","$4,291","$4,355","$4,442","$4,522","$4,587","$4,602","$4,604","$4,593","$4,576","$4,554","$4,535","$4,539","$4,546","$4,549","$4,545","$4,556","$4,566","$4,552","$4,511","$4,453","$4,409","$4,371","$4,353","$4,356","$4,376","$4,393","$4,400","$4,398","$4,379","$4,341","$4,299","$4,278","$4,275","$4,282","$4,279","$4,271","$4,259","$4,271","$4,292","$4,318"
Mission,neighborhood,All Homes,"$3,008","$3,056","$3,058","$3,014","$2,945","$2,915","$2,903","$2,907","$2,915","$2,960","$3,016","$3,082","$3,129","$3,178","$3,238","$3,285","$3,325","$3,343","$3,365","$3,378","$3,406","$3,422","$3,399","$3,342","$3,260","$3,243","$3,286","$3,395","$3,516","$3,607","$3,671","$3,707","$3,726","$3,734","$3,730","$3,745","$3,780","$3,829","$3,867","$3,873","$3,863","$3,866","$3,899","$3,942","$3,981","$4,028","$4,082","$4,185","$4,273","$4,368","$4,427","$4,484","$4,547","$4,602","$4,672","$4,721","$4,766","$4,795","$4,817","$4,835","$4,835","$4,820","$4,787","$4,749","$4,702","$4,657","$4,633","$4,624","$4,616","$4,594","$4,579","$4,576","$4,591","$4,596","$4,581","$4,543","$4,509","$4,492","$4,491","$4,495","$4,501","$4,507","$4,533","$4,578","$4,632","$4,666","$4,672","$4,662","$4,651","$4,643","$4,638","$4,634","$4,628","$4,620","$4,614"
Mission Bay,neighborhood,All Homes,"$3,199","$3,199","$3,199","$3,199","$3,197","$3,197","$3,197","$3,237","$3,259","$3,352","$3,451","$3,575","$3,675","$3,741","$3,728","$3,620","$3,521","$3,530","$3,614","$3,690","$3,741","$3,675","$3,658","$3,567","$3,592","$3,628","$3,777","$3,896","$3,991","$4,056","$4,157","$4,229","$4,299","$4,357","$4,408","$4,467","$4,502","$4,520","$4,475","$4,416","$4,361","$4,355","$4,368","$4,395","$4,449","$4,548","$4,655","$4,721","$4,759","$4,751","$4,727","$4,709","$4,749","$4,886","$5,048","$5,212","$5,321","$5,405","$5,472","$5,510","$5,501","$5,437","$5,393","$5,300","$5,218","$5,108","$5,057","$5,031","$5,023","$5,012","$5,016","$5,036","$5,068","$5,069","$5,028","$4,951","$4,864","$4,789","$4,768","$4,783","$4,826","$4,864","$4,907","$4,934","$4,948","$4,952","$4,917","$4,888","$4,863","$4,876","$4,886","$4,892","$4,898","$4,904","$4,908"
Mission Terrace,neighborhood,All Homes,"$2,994","$3,028","$2,955","$2,828","$2,669","$2,612","$2,596","$2,601","$2,604","$2,609","$2,607","$2,623","$2,648","$2,693","$2,715","$2,714","$2,674","$2,637","$2,600","$2,580","$2,550","$2,536","$2,542","$2,578","$2,630","$2,690","$2,730","$2,741","$2,718","$2,716","$2,721","$2,756","$2,764","$2,796","$2,831","$2,881","$2,898","$2,900","$2,890","$2,918","$2,949","$2,989","$3,038","$3,094","$3,164","$3,234","$3,310","$3,379","$3,425","$3,454","$3,497","$3,572","$3,639","$3,687","$3,715","$3,767","$3,852","$3,959","$4,060","$4,140","$4,179","$4,196","$4,210","$4,205","$4,196","$4,182","$4,195","$4,210","$4,211","$4,197","$4,167","$4,126","$4,077","$4,058","$4,076","$4,119","$4,141","$4,126","$4,082","$4,050","$4,045","$4,061","$4,069","$4,054","$4,023","$4,001","$3,994","$3,996","$4,001","$3,999","$3,995","$3,989","$3,987","$3,987","$3,990"
Mount Davidson Manor,neighborhood,All Homes,"$3,693","$3,754","$3,690","$3,489","$3,249","$3,075","$2,976","$2,926","$2,902","$2,897","$2,890","$2,886","$2,879","$2,877","$2,883","$2,875","$2,879","$2,869","$2,904","$2,974","$3,066","$3,150","$3,162","$3,128","$3,073","$3,047","$3,056","$3,072","$3,067","$3,071","$3,052","$3,048","$3,072","$3,133","$3,211","$3,254","$3,272","$3,290","$3,340","$3,411","$3,487","$3,537","$3,615","$3,658","$3,673","$3,675","$3,731","$3,859","$3,984","$4,079","$4,104","$4,127","$4,165","$4,215","$4,272","$4,310","$4,383","$4,485","$4,619","$4,768","$4,850","$4,898","$4,886","$4,834","$4,748","$4,681","$4,675","$4,711","$4,756","$4,785","$4,781","$4,747","$4,702","$4,649","$4,603","$4,571","$4,554","$4,549","$4,560","$4,572","$4,574","$4,562","$4,561","$4,553","$4,535","$4,506","$4,484","$4,484","$4,499","$4,519","$4,532","$4,535","$4,534","$4,530","$4,530"
Nob Hill,neighborhood,All Homes,"$3,499","$3,499","$3,525","$3,527","$3,512","$3,458","$3,423","$3,435","$3,493","$3,571","$3,626","$3,626","$3,612","$3,605","$3,627","$3,653","$3,696","$3,717","$3,713","$3,696","$3,725","$3,786","$3,820","$3,780","$3,717","$3,692","$3,741","$3,806","$3,857","$3,891","$3,926","$3,973","$4,051","$4,126","$4,190","$4,217","$4,259","$4,287","$4,270","$4,213","$4,141","$4,099","$4,088","$4,100","$4,172","$4,273","$4,407","$4,542","$4,672","$4,772","$4,842","$4,892","$4,950","$5,008","$5,078","$5,164","$5,259","$5,365","$5,468","$5,548","$5,600","$5,586","$5,582","$5,516","$5,472","$5,392","$5,353","$5,318","$5,287","$5,275","$5,274","$5,286","$5,262","$5,202","$5,113","$5,056","$5,024","$5,013","$5,003","$5,013","$5,045","$5,075","$5,085","$5,078","$5,069","$5,064","$5,059","$5,053","$5,043","$5,032","$5,027","$5,027","$5,034","$5,037","$5,036"
Noe Valley,neighborhood,All Homes,"$3,606","$3,698","$3,753","$3,744","$3,669","$3,577","$3,526","$3,558","$3,627","$3,720","$3,772","$3,777","$3,738","$3,701","$3,664","$3,625","$3,605","$3,621","$3,673","$3,729","$3,776","$3,814","$3,809","$3,803","$3,811","$3,824","$3,878","$3,933","$4,000","$4,024","$4,043","$4,093","$4,187","$4,286","$4,367","$4,359","$4,398","$4,427","$4,489","$4,459","$4,357","$4,260","$4,178","$4,167","$4,225","$4,350","$4,530","$4,716","$4,864","$4,952","$4,952","$4,939","$4,987","$5,118","$5,257","$5,375","$5,466","$5,584","$5,690","$5,791","$5,853","$5,859","$5,846","$5,778","$5,721","$5,646","$5,601","$5,569","$5,538","$5,530","$5,536","$5,544","$5,519","$5,465","$5,425","$5,421","$5,409","$5,349","$5,243","$5,155","$5,155","$5,249","$5,395","$5,486","$5,504","$5,464","$5,423","$5,389","$5,362","$5,334","$5,307","$5,288","$5,283","$5,287","$5,301"
North Beach,neighborhood,All Homes,"$2,966","$2,973","$3,002","$3,026","$3,061","$3,094","$3,120","$3,128","$3,106","$3,152","$3,223","$3,319","$3,376","$3,388","$3,350","$3,263","$3,223","$3,231","$3,300","$3,398","$3,537","$3,683","$3,775","$3,761","$3,741","$3,713","$3,804","$3,876","$3,896","$3,851","$3,820","$3,861","$3,934","$4,028","$4,102","$4,159","$4,145","$4,118","$4,074","$4,044","$3,999","$3,963","$3,937","$3,954","$4,028","$4,128","$4,230","$4,312","$4,366","$4,425","$4,505","$4,630","$4,750","$4,795","$4,823","$4,860","$4,939","$5,034","$5,103","$5,130","$5,093","$5,031","$4,976","$4,952","$4,927","$4,891","$4,828","$4,779","$4,736","$4,722","$4,724","$4,750","$4,760","$4,742","$4,690","$4,640","$4,602","$4,570","$4,530","$4,502","$4,483","$4,478","$4,485","$4,512","$4,560","$4,607","$4,658","$4,693","$4,726","$4,736","$4,732","$4,720","$4,709","$4,705","$4,708"
North Waterfront,neighborhood,All Homes,"$2,863","$2,841","$2,837","$2,854","$2,874","$2,889","$2,876","$2,864","$2,831","$2,848","$2,896","$2,956","$2,987","$2,990","$2,994","$3,000","$3,028","$3,071","$3,144","$3,248","$3,366","$3,408","$3,373","$3,309","$3,308","$3,341","$3,428","$3,509","$3,593","$3,623","$3,650","$3,678","$3,779","$3,873","$3,948","$3,954","$3,933","$3,898","$3,821","$3,727","$3,633","$3,604","$3,643","$3,731","$3,842","$3,941","$3,996","$4,004","$3,986","$3,999","$4,071","$4,184","$4,276","$4,330","$4,361","$4,406","$4,444","$4,500","$4,538","$4,563","$4,552","$4,550","$4,542","$4,537","$4,525","$4,514","$4,494","$4,459","$4,402","$4,355","$4,327","$4,333","$4,340","$4,343","$4,328","$4,312","$4,279","$4,223","$4,149","$4,089","$4,071","$4,092","$4,136","$4,173","$4,187","$4,197","$4,209","$4,222","$4,224","$4,219","$4,202","$4,184","$4,168","$4,167","$4,161"
Oceanview,neighborhood,All Homes,"$2,923","$2,945","$2,893","$2,781","$2,621","$2,532","$2,491","$2,463","$2,453","$2,437","$2,419","$2,423","$2,429","$2,455","$2,452","$2,449","$2,446","$2,470","$2,504","$2,521","$2,511","$2,479","$2,449","$2,441","$2,452","$2,471","$2,470","$2,458","$2,452","$2,448","$2,473","$2,529","$2,606","$2,686","$2,750","$2,821","$2,857","$2,875","$2,874","$2,880","$2,867","$2,846","$2,848","$2,876","$2,944","$3,039","$3,159","$3,260","$3,309","$3,289","$3,256","$3,233","$3,270","$3,334","$3,422","$3,481","$3,554","$3,641","$3,755","$3,848","$3,905","$3,932","$3,944","$3,947","$3,921","$3,890","$3,854","$3,845","$3,835","$3,828","$3,821","$3,808","$3,764","$3,694","$3,605","$3,539","$3,498","$3,483","$3,481","$3,516","$3,571","$3,655","$3,716","$3,761","$3,772","$3,754","$3,710","$3,657","$3,638","$3,636","$3,641","$3,627","$3,616","$3,611","$3,610"
Outer Mission,neighborhood,All Homes,"$2,937","$2,952","$2,893","$2,778","$2,617","$2,542","$2,513","$2,493","$2,480","$2,469","$2,469","$2,488","$2,513","$2,552","$2,555","$2,531","$2,481","$2,464","$2,474","$2,488","$2,482","$2,457","$2,435","$2,429","$2,456","$2,494","$2,534","$2,560","$2,595","$2,623","$2,651","$2,685","$2,711","$2,744","$2,771","$2,811","$2,839","$2,854","$2,864","$2,871","$2,858","$2,838","$2,832","$2,858","$2,918","$3,011","$3,117","$3,202","$3,251","$3,263","$3,272","$3,284","$3,329","$3,389","$3,467","$3,553","$3,652","$3,761","$3,855","$3,924","$3,964","$3,985","$3,993","$3,987","$3,952","$3,920","$3,904","$3,916","$3,925","$3,912","$3,885","$3,847","$3,803","$3,744","$3,668","$3,598","$3,554","$3,542","$3,555","$3,614","$3,696","$3,786","$3,845","$3,875","$3,875","$3,846","$3,803","$3,755","$3,738","$3,736","$3,746","$3,739","$3,729","$3,716","$3,705"
Outer Richmond,neighborhood,All Homes,"$3,151","$3,137","$3,075","$2,967","$2,834","$2,762","$2,729","$2,708","$2,699","$2,720","$2,743","$2,775","$2,787","$2,799","$2,796","$2,792","$2,800","$2,819","$2,835","$2,858","$2,910","$2,996","$3,072","$3,099","$3,076","$3,027","$3,006","$3,010","$3,042","$3,075","$3,105","$3,150","$3,188","$3,229","$3,245","$3,256","$3,271","$3,316","$3,378","$3,443","$3,490","$3,530","$3,594","$3,661","$3,721","$3,754","$3,787","$3,836","$3,907","$3,988","$4,038","$4,062","$4,055","$4,054","$4,052","$4,080","$4,140","$4,198","$4,235","$4,242","$4,242","$4,234","$4,255","$4,284","$4,322","$4,350","$4,387","$4,460","$4,546","$4,604","$4,615","$4,563","$4,483","$4,365","$4,238","$4,132","$4,085","$4,089","$4,127","$4,172","$4,220","$4,257","$4,283","$4,292","$4,280","$4,250","$4,212","$4,194","$4,194","$4,203","$4,206","$4,207","$4,209","$4,213","$4,212"
Outer Sunset,neighborhood,All Homes,"$2,983","$3,016","$2,964","$2,855","$2,691","$2,591","$2,559","$2,552","$2,556","$2,544","$2,536","$2,547","$2,576","$2,611","$2,633","$2,633","$2,621","$2,614","$2,607","$2,599","$2,629","$2,690","$2,771","$2,804","$2,786","$2,731","$2,661","$2,656","$2,710","$2,829","$2,953","$3,055","$3,105","$3,107","$3,073","$3,055","$3,050","$3,087","$3,126","$3,169","$3,203","$3,271","$3,350","$3,418","$3,452","$3,472","$3,518","$3,588","$3,662","$3,723","$3,739","$3,740","$3,711","$3,719","$3,743","$3,801","$3,875","$3,958","$4,022","$4,034","$4,009","$3,978","$3,971","$3,979","$4,001","$4,028","$4,087","$4,164","$4,227","$4,237","$4,197","$4,128","$4,054","$3,978","$3,917","$3,881","$3,875","$3,884","$3,901","$3,923","$3,948","$3,962","$3,961","$3,940","$3,909","$3,888","$3,901","$3,934","$3,965","$3,975","$3,973","$3,968","$3,964","$3,962","$3,960"
Pacific Heights,neighborhood,All Homes,"$4,316","$4,367","$4,378","$4,351","$4,318","$4,305","$4,352","$4,430","$4,503","$4,521","$4,494","$4,429","$4,363","$4,300","$4,275","$4,297","$4,339","$4,372","$4,390","$4,416","$4,466","$4,497","$4,489","$4,425","$4,369","$4,353","$4,425","$4,475","$4,508","$4,479","$4,485","$4,525","$4,630","$4,713","$4,782","$4,864","$4,936","$4,987","$4,959","$4,958","$4,936","$4,937","$4,973","$4,975","$4,962","$4,925","$4,988","$5,107","$5,235","$5,339","$5,493","$5,659","$5,884","$6,091","$6,288","$6,457","$6,594","$6,703","$6,749","$6,759","$6,757","$6,737","$6,696","$6,673","$6,617","$6,540","$6,431","$6,360","$6,315","$6,290","$6,291","$6,288","$6,283","$6,222","$6,155","$6,074","$6,005","$5,918","$5,834","$5,787","$5,791","$5,828","$5,877","$5,927","$5,961","$5,981","$5,952","$5,901","$5,848","$5,833","$5,838","$5,846","$5,854","$5,864","$5,878"
Panhandle,neighborhood,All Homes,"$3,130","$3,103","$3,108","$3,121","$3,100","$3,064","$3,021","$3,006","$3,011","$3,073","$3,156","$3,249","$3,317","$3,370","$3,414","$3,446","$3,476","$3,503","$3,532","$3,549","$3,571","$3,590","$3,611","$3,603","$3,565","$3,537","$3,536","$3,570","$3,603","$3,626","$3,642","$3,659","$3,672","$3,687","$3,696","$3,732","$3,794","$3,888","$3,960","$3,992","$3,983","$3,980","$4,001","$4,027","$4,068","$4,119","$4,182","$4,258","$4,332","$4,397","$4,440","$4,459","$4,481","$4,503","$4,562","$4,644","$4,745","$4,833","$4,907","$4,958","$4,980","$4,971","$4,938","$4,911","$4,885","$4,861","$4,826","$4,802","$4,790","$4,784","$4,786","$4,784","$4,768","$4,713","$4,638","$4,569","$4,528","$4,515","$4,529","$4,555","$4,586","$4,611","$4,638","$4,660","$4,681","$4,688","$4,695","$4,712","$4,747","$4,780","$4,800","$4,810","$4,812","$4,810","$4,806"
Parkside,neighborhood,All Homes,"$3,103","$3,093","$3,020","$2,908","$2,771","$2,715","$2,703","$2,703","$2,710","$2,716","$2,712","$2,707","$2,705","$2,718","$2,718","$2,702","$2,676","$2,678","$2,706","$2,758","$2,827","$2,896","$2,945","$2,954","$2,943","$2,910","$2,881","$2,848","$2,858","$2,909","$3,009","$3,084","$3,131","$3,143","$3,157","$3,165","$3,171","$3,167","$3,185","$3,221","$3,285","$3,351","$3,406","$3,454","$3,470","$3,503","$3,559","$3,650","$3,730","$3,803","$3,835","$3,852","$3,838","$3,811","$3,808","$3,821","$3,903","$3,990","$4,078","$4,120","$4,124","$4,113","$4,131","$4,165","$4,202","$4,217","$4,249","$4,297","$4,345","$4,364","$4,351","$4,299","$4,227","$4,142","$4,070","$4,021","$4,005","$4,021","$4,057","$4,105","$4,141","$4,164","$4,170","$4,166","$4,142","$4,105","$4,074","$4,058","$4,044","$4,022","$4,001","$3,991","$3,986","$3,980","$3,975"
Portola,neighborhood,All Homes,"$3,010","$3,059","$3,013","$2,891","$2,730","$2,646","$2,607","$2,596","$2,585","$2,577","$2,567","$2,564","$2,558","$2,547","$2,540","$2,531","$2,527","$2,534","$2,554","$2,575","$2,568","$2,537","$2,495","$2,476","$2,484","$2,527","$2,563","$2,596","$2,619","$2,652","$2,674","$2,681","$2,685","$2,706","$2,731","$2,771","$2,785","$2,818","$2,806","$2,831","$2,829","$2,861","$2,901","$2,957","$3,032","$3,103","$3,187","$3,266","$3,328","$3,370","$3,420","$3,469","$3,529","$3,560","$3,580","$3,586","$3,636","$3,749","$3,897","$4,027","$4,097","$4,128","$4,135","$4,132","$4,110","$4,083","$4,069","$4,072","$4,081","$4,073","$4,055","$4,023","$3,986","$3,970","$3,975","$4,005","$4,030","$4,027","$3,997","$3,971","$3,964","$3,971","$3,967","$3,937","$3,892","$3,847","$3,815","$3,791","$3,777","$3,766","$3,757","$3,746","$3,739","$3,735","$3,730"
Potrero Hill,neighborhood,All Homes,"$3,196","$3,196","$3,166","$3,114","$3,047","$3,007","$2,984","$2,982","$2,991","$3,034","$3,086","$3,136","$3,171","$3,189","$3,218","$3,241","$3,291","$3,333","$3,383","$3,404","$3,424","$3,432","$3,416","$3,354","$3,268","$3,211","$3,238","$3,328","$3,454","$3,558","$3,644","$3,705","$3,745","$3,767","$3,782","$3,807","$3,837","$3,875","$3,885","$3,865","$3,825","$3,820","$3,868","$3,928","$3,984","$4,038","$4,097","$4,192","$4,280","$4,364","$4,421","$4,478","$4,580","$4,688","$4,793","$4,849","$4,877","$4,903","$4,922","$4,938","$4,927","$4,897","$4,865","$4,837","$4,810","$4,806","$4,813","$4,841","$4,855","$4,851","$4,831","$4,806","$4,785","$4,752","$4,691","$4,624","$4,563","$4,525","$4,504","$4,497","$4,497","$4,509","$4,541","$4,581","$4,611","$4,616","$4,615","$4,614","$4,612","$4,600","$4,589","$4,580","$4,572","$4,562","$4,554"
Presidio Heights,neighborhood,All Homes,"$11,715","$11,821","$11,749","$11,515","$11,090","$10,648","$10,326","$10,210","$10,221","$10,284","$10,333","$10,386","$10,452","$10,474","$10,373","$10,204","$10,093","$10,064","$10,156","$10,279","$10,435","$10,519","$10,465","$10,385","$10,333","$10,359","$10,516","$10,691","$10,917","$11,025","$11,153","$11,347","$11,685","$12,034","$12,366","$12,522","$12,540","$12,478","$12,432","$12,459","$12,284","$12,095","$11,976","$12,026","$12,268","$12,553","$12,985","$13,313","$13,503","$13,529","$13,464","$13,478","$13,629","$13,959","$14,406","$14,826","$15,180","$15,376","$15,559","$15,766","$15,999","$16,190","$16,308","$16,744","$16,801","$16,641","$16,166","$15,971","$15,930","$15,829","$15,780","$15,773","$15,788","$15,779","$15,751","$15,727","$15,650","$15,474","$15,271","$15,107","$15,038","$14,998","$15,020","$15,082","$15,033","$14,842","$14,521","$14,220","$14,003","$13,839","$13,723","$13,620","$13,559","$13,531","$13,544"
Russian Hill,neighborhood,All Homes,"$3,552","$3,599","$3,659","$3,697","$3,698","$3,653","$3,615","$3,649","$3,721","$3,809","$3,848","$3,835","$3,805","$3,777","$3,762","$3,778","$3,805","$3,821","$3,818","$3,813","$3,858","$3,911","$3,949","$3,935","$3,913","$3,906","$3,971","$4,056","$4,127","$4,158","$4,146","$4,174","$4,246","$4,409","$4,513","$4,580","$4,569","$4,598","$4,621","$4,619","$4,571","$4,506","$4,466","$4,465","$4,518","$4,591","$4,680","$4,788","$4,911","$5,023","$5,108","$5,173","$5,248","$5,311","$5,389","$5,451","$5,509","$5,568","$5,642","$5,712","$5,770","$5,797","$5,812","$5,765","$5,711","$5,621","$5,567","$5,515","$5,483","$5,471","$5,474","$5,479","$5,468","$5,424","$5,371","$5,314","$5,276","$5,245","$5,215","$5,196","$5,195","$5,201","$5,224","$5,254","$5,306","$5,356","$5,391","$5,405","$5,401","$5,390","$5,378","$5,376","$5,381","$5,386","$5,392"
Seacliff,neighborhood,All Homes,"$9,584","$9,587","$9,435","$9,173","$8,841","$8,552","$8,326","$8,212","$8,152","$8,163","$8,165","$8,193","$8,210","$8,214","$8,118","$7,975","$7,862","$7,833","$7,892","$7,961","$8,016","$8,049","$8,001","$7,935","$7,861","$7,862","$8,001","$8,193","$8,430","$8,592","$8,756","$8,939","$9,206","$9,482","$9,761","$9,897","$9,913","$9,801","$9,680","$9,586","$9,373","$9,199","$9,134","$9,280","$9,571","$9,935","$10,387","$10,757","$10,990","$11,100","$11,123","$11,207","$11,355","$11,633","$12,052","$12,465","$12,886","$13,120","$13,336","$13,539","$13,697","$13,780","$13,753","$13,799","$13,688","$13,471","$13,205","$13,145","$13,197","$13,245","$13,266","$13,271","$13,191","$13,044","$12,878","$12,840","$12,763","$12,685","$12,481","$12,366","$12,196","$12,024","$11,877","$11,907","$11,940","$11,867","$11,647","$11,493","$11,414","$11,367","$11,270","$11,137","$11,012","$10,941","$10,929"
Silver Terrace,neighborhood,All Homes,"$3,015","$3,064","$3,001","$2,855","$2,663","$2,557","$2,500","$2,487","$2,486","$2,496","$2,498","$2,498","$2,469","$2,435","$2,416","$2,420","$2,430","$2,451","$2,483","$2,507","$2,499","$2,478","$2,457","$2,451","$2,453","$2,467","$2,469","$2,494","$2,521","$2,563","$2,571","$2,563","$2,553","$2,580","$2,622","$2,676","$2,710","$2,754","$2,772","$2,813","$2,850","$2,901","$2,947","$2,988","$3,043","$3,109","$3,187","$3,265","$3,325","$3,368","$3,420","$3,466","$3,510","$3,524","$3,515","$3,501","$3,527","$3,615","$3,737","$3,855","$3,932","$3,961","$3,919","$3,878","$3,831","$3,837","$3,834","$3,843","$3,836","$3,829","$3,832","$3,847","$3,859","$3,862","$3,845","$3,841","$3,843","$3,839","$3,828","$3,823","$3,836","$3,841","$3,831","$3,808","$3,766","$3,719","$3,666","$3,619","$3,581","$3,549","$3,522","$3,497","$3,480","$3,467","$3,456"
South Beach,neighborhood,All Homes,"$3,199","$3,199","$3,205","$3,209","$3,212","$3,212","$3,222","$3,256","$3,297","$3,353","$3,395","$3,421","$3,446","$3,482","$3,510","$3,532","$3,543","$3,514","$3,454","$3,382","$3,387","$3,389","$3,383","$3,318","$3,293","$3,314","$3,407","$3,512","$3,606","$3,670","$3,774","$3,913","$4,078","$4,203","$4,274","$4,296","$4,273","$4,249","$4,229","$4,207","$4,177","$4,163","$4,154","$4,146","$4,172","$4,202","$4,276","$4,347","$4,473","$4,587","$4,674","$4,714","$4,734","$4,782","$4,863","$4,936","$4,972","$4,983","$4,991","$4,998","$4,994","$4,968","$4,942","$4,919","$4,896","$4,875","$4,846","$4,832","$4,796","$4,748","$4,693","$4,661","$4,647","$4,620","$4,583","$4,546","$4,528","$4,522","$4,528","$4,540","$4,564","$4,589","$4,615","$4,617","$4,597","$4,564","$4,556","$4,569","$4,600","$4,618","$4,629","$4,631","$4,633","$4,632","$4,629"
South of Market,neighborhood,All Homes,"$2,768","$2,754","$2,758","$2,758","$2,763","$2,765","$2,772","$2,780","$2,785","$2,826","$2,889","$2,965","$3,017","$3,056","$3,084","$3,112","$3,151","$3,202","$3,236","$3,225","$3,194","$3,132","$3,084","$3,024","$2,987","$2,979","$3,019","$3,101","$3,190","$3,278","$3,348","$3,423","$3,473","$3,520","$3,533","$3,547","$3,561","$3,596","$3,625","$3,628","$3,632","$3,647","$3,708","$3,762","$3,817","$3,850","$3,884","$3,912","$3,951","$4,004","$4,063","$4,120","$4,143","$4,157","$4,181","$4,237","$4,310","$4,374","$4,413","$4,432","$4,428","$4,408","$4,372","$4,331","$4,292","$4,263","$4,248","$4,241","$4,223","$4,192","$4,157","$4,136","$4,129","$4,118","$4,096","$4,063","$4,031","$4,005","$3,984","$3,975","$3,977","$3,985","$3,993","$3,993","$3,981","$3,962","$3,942","$3,935","$3,935","$3,935","$3,932","$3,927","$3,921","$3,919","$3,916"
St. Francis Wood,neighborhood,All Homes,"$6,535","$6,615","$6,461","$6,260","$6,015","$5,770","$5,601","$5,520","$5,525","$5,562","$5,595","$5,620","$5,696","$5,736","$5,712","$5,587","$5,500","$5,452","$5,458","$5,461","$5,467","$5,469","$5,431","$5,378","$5,322","$5,295","$5,341","$5,382","$5,446","$5,462","$5,524","$5,625","$5,787","$5,921","$6,081","$6,133","$6,120","$5,994","$5,919","$5,880","$5,805","$5,718","$5,666","$5,697","$5,801","$5,959","$6,180","$6,390","$6,532","$6,612","$6,646","$6,740","$6,913","$7,140","$7,462","$7,763","$8,097","$8,320","$8,534","$8,751","$8,995","$9,177","$9,262","$9,292","$9,183","$9,002","$8,755","$8,628","$8,549","$8,484","$8,439","$8,425","$8,518","$8,700","$8,996","$9,263","$9,386","$9,282","$9,069","$8,855","$8,737","$8,709","$8,769","$8,819","$8,785","$8,691","$8,547","$8,411","$8,264","$8,150","$8,064","$8,009","$7,998","$8,019","$8,044"
Stonestown,neighborhood,All Homes,"$3,875","$3,978","$3,990","$3,862","$3,645","$3,474","$3,344","$3,255","$3,184","$3,129","$3,120","$3,124","$3,115","$3,064","$3,021","$2,995","$3,003","$3,040","$3,124","$3,217","$3,296","$3,344","$3,331","$3,275","$3,188","$3,087","$3,086","$3,113","$3,204","$3,273","$3,356","$3,400","$3,363","$3,294","$3,252","$3,251","$3,251","$3,251","$3,257","$3,321","$3,412","$3,529","$3,613","$3,679","$3,728","$3,777","$3,889","$4,078","$4,273","$4,398","$4,368","$4,345","$4,314","$4,362","$4,405","$4,454","$4,557","$4,703","$4,880","$5,031","$5,095","$5,104","$5,116","$5,092","$5,015","$4,897","$4,828","$4,864","$4,941","$5,016","$5,044","$5,018","$4,981","$4,931","$4,873","$4,821","$4,782","$4,771","$4,775","$4,790","$4,800","$4,782","$4,745","$4,685","$4,642","$4,603","$4,579","$4,575","$4,612","$4,661","$4,715","$4,744","$4,767","$4,778","$4,792"
Sunnyside,neighborhood,All Homes,"$2,978","$3,005","$2,949","$2,847","$2,697","$2,625","$2,593","$2,597","$2,609","$2,622","$2,626","$2,652","$2,678","$2,714","$2,731","$2,728","$2,695","$2,658","$2,647","$2,661","$2,679","$2,686","$2,691","$2,693","$2,711","$2,728","$2,752","$2,767","$2,778","$2,814","$2,876","$2,947","$2,992","$3,019","$3,046","$3,073","$3,057","$3,035","$3,017","$3,060","$3,100","$3,147","$3,197","$3,263","$3,327","$3,387","$3,451","$3,501","$3,545","$3,575","$3,619","$3,679","$3,737","$3,780","$3,792","$3,817","$3,873","$3,963","$4,052","$4,132","$4,172","$4,182","$4,193","$4,193","$4,194","$4,185","$4,197","$4,217","$4,226","$4,223","$4,215","$4,203","$4,189","$4,187","$4,185","$4,182","$4,145","$4,104","$4,068","$4,060","$4,075","$4,099","$4,116","$4,109","$4,087","$4,066","$4,057","$4,052","$4,047","$4,028","$4,007","$3,987","$3,975","$3,964","$3,958"
Telegraph Hill,neighborhood,All Homes,"$3,353","$3,371","$3,367","$3,327","$3,279","$3,236","$3,199","$3,196","$3,193","$3,235","$3,289","$3,347","$3,375","$3,394","$3,401","$3,400","$3,409","$3,424","$3,456","$3,501","$3,571","$3,624","$3,629","$3,589","$3,558","$3,563","$3,638","$3,745","$3,804","$3,832","$3,817","$3,847","$3,898","$3,990","$4,059","$4,113","$4,110","$4,101","$4,073","$4,043","$3,991","$3,951","$3,944","$3,983","$4,071","$4,181","$4,287","$4,360","$4,407","$4,452","$4,493","$4,571","$4,653","$4,739","$4,809","$4,899","$4,997","$5,096","$5,169","$5,180","$5,120","$5,017","$4,910","$4,860","$4,817","$4,797","$4,766","$4,756","$4,745","$4,741","$4,756","$4,779","$4,780","$4,755","$4,698","$4,645","$4,599","$4,568","$4,545","$4,527","$4,518","$4,506","$4,501","$4,502","$4,521","$4,545","$4,584","$4,607","$4,620","$4,608","$4,596","$4,588","$4,585","$4,586","$4,586"
Upper Market,neighborhood,All Homes,"$3,226","$3,232","$3,222","$3,191","$3,115","$3,046","$2,999","$2,980","$2,984","$3,017","$3,067","$3,151","$3,228","$3,292","$3,328","$3,348","$3,367","$3,373","$3,402","$3,428","$3,468","$3,484","$3,453","$3,385","$3,290","$3,250","$3,256","$3,314","$3,391","$3,455","$3,505","$3,541","$3,587","$3,635","$3,665","$3,695","$3,755","$3,813","$3,859","$3,849","$3,819","$3,805","$3,837","$3,903","$3,966","$4,048","$4,134","$4,241","$4,300","$4,346","$4,359","$4,390","$4,460","$4,548","$4,615","$4,662","$4,701","$4,755","$4,784","$4,801","$4,794","$4,765","$4,710","$4,669","$4,628","$4,608","$4,596","$4,610","$4,614","$4,601","$4,580","$4,548","$4,533","$4,510","$4,484","$4,431","$4,382","$4,357","$4,364","$4,389","$4,414","$4,429","$4,430","$4,421","$4,413","$4,393","$4,382","$4,373","$4,378","$4,376","$4,367","$4,359","$4,355","$4,352","$4,351"
Visitacion Valley,neighborhood,All Homes,"$3,008","$3,056","$2,998","$2,854","$2,649","$2,522","$2,445","$2,407","$2,371","$2,349","$2,334","$2,331","$2,315","$2,290","$2,267","$2,265","$2,285","$2,338","$2,393","$2,436","$2,446","$2,437","$2,420","$2,419","$2,430","$2,457","$2,485","$2,518","$2,544","$2,556","$2,559","$2,561","$2,582","$2,614","$2,647","$2,676","$2,699","$2,735","$2,743","$2,758","$2,762","$2,786","$2,807","$2,834","$2,874","$2,946","$3,029","$3,109","$3,161","$3,188","$3,209","$3,222","$3,238","$3,284","$3,349","$3,406","$3,445","$3,496","$3,585","$3,678","$3,749","$3,797","$3,787","$3,752","$3,696","$3,688","$3,696","$3,699","$3,688","$3,681","$3,696","$3,720","$3,732","$3,727","$3,691","$3,651","$3,605","$3,571","$3,544","$3,550","$3,580","$3,618","$3,638","$3,632","$3,615","$3,589","$3,561","$3,519","$3,493","$3,476","$3,471","$3,459","$3,449","$3,443","$3,440"
Western Addition,neighborhood,All Homes,"$2,933","$2,920","$2,909","$2,870","$2,806","$2,764","$2,748","$2,748","$2,753","$2,784","$2,873","$2,956","$3,047","$3,083","$3,104","$3,090","$3,102","$3,129","$3,171","$3,189","$3,208","$3,179","$3,138","$3,126","$3,156","$3,249","$3,353","$3,463","$3,530","$3,573","$3,607","$3,643","$3,662","$3,679","$3,692","$3,720","$3,775","$3,854","$3,930","$3,970","$3,969","$3,967","$3,975","$3,995","$3,996","$3,981","$3,966","$3,997","$4,063","$4,166","$4,244","$4,293","$4,321","$4,355","$4,436","$4,521","$4,583","$4,612","$4,628","$4,670","$4,695","$4,700","$4,665","$4,649","$4,625","$4,620","$4,601","$4,594","$4,581","$4,560","$4,544","$4,525","$4,504","$4,466","$4,417","$4,359","$4,289","$4,232","$4,211","$4,244","$4,287","$4,311","$4,309","$4,296","$4,260","$4,221","$4,195","$4,203","$4,235","$4,263","$4,277","$4,270","$4,262","$4,263","$4,266"
Westwood Highlands,neighborhood,All Homes,"$3,603","$3,667","$3,624","$3,499","$3,328","$3,197","$3,117","$3,088","$3,100","$3,128","$3,180","$3,209","$3,249","$3,236","$3,217","$3,161","$3,122","$3,095","$3,103","$3,153","$3,214","$3,283","$3,285","$3,236","$3,141","$3,076","$3,069","$3,053","$3,030","$3,012","$3,046","$3,095","$3,160","$3,217","$3,266","$3,289","$3,306","$3,347","$3,415","$3,501","$3,591","$3,657","$3,731","$3,773","$3,786","$3,804","$3,878","$4,040","$4,186","$4,306","$4,322","$4,332","$4,331","$4,382","$4,442","$4,531","$4,658","$4,823","$4,974","$5,092","$5,132","$5,118","$5,058","$4,955","$4,850","$4,783","$4,789","$4,829","$4,865","$4,882","$4,873","$4,825","$4,744","$4,657","$4,576","$4,542","$4,527","$4,527","$4,525","$4,526","$4,546","$4,566","$4,583","$4,575","$4,555","$4,540","$4,536","$4,553","$4,579","$4,603","$4,617","$4,618","$4,617","$4,620","$4,623"
Westwood Park,neighborhood,All Homes,"$3,109","$3,098","$3,041","$2,965","$2,842","$2,774","$2,730","$2,725","$2,731","$2,746","$2,763","$2,784","$2,798","$2,810","$2,815","$2,807","$2,801","$2,793","$2,818","$2,845","$2,884","$2,921","$2,936","$2,939","$2,919","$2,903","$2,892","$2,846","$2,784","$2,746","$2,779","$2,863","$2,969","$3,084","$3,178","$3,238","$3,253","$3,268","$3,306","$3,376","$3,483","$3,553","$3,633","$3,661","$3,665","$3,643","$3,664","$3,728","$3,811","$3,879","$3,924","$3,974","$4,029","$4,080","$4,091","$4,102","$4,149","$4,262","$4,370","$4,467","$4,492","$4,501","$4,498","$4,495","$4,485","$4,450","$4,428","$4,404","$4,402","$4,407","$4,421","$4,429","$4,401","$4,357","$4,299","$4,264","$4,237","$4,247","$4,288","$4,346","$4,392","$4,421","$4,436","$4,431","$4,404","$4,376","$4,370","$4,406","$4,443","$4,457","$4,446","$4,439","$4,445","$4,452","$4,459"